run,type,module,name,attrname,attrvalue,vectime,vecvalue
General-15-20250723-17:38:46-8912,runattr,,,configname,General,,
General-15-20250723-17:38:46-8912,runattr,,,datetime,20250723-17:38:46,,
General-15-20250723-17:38:46-8912,runattr,,,datetimef,20250723-173846,,
General-15-20250723-17:38:46-8912,runattr,,,experiment,General,,
General-15-20250723-17:38:46-8912,runattr,,,inifile,omnetpp.ini,,
General-15-20250723-17:38:46-8912,runattr,,,iterationvars,,,
General-15-20250723-17:38:46-8912,runattr,,,iterationvarsd,,,
General-15-20250723-17:38:46-8912,runattr,,,iterationvarsf,,,
General-15-20250723-17:38:46-8912,runattr,,,measurement,,,
General-15-20250723-17:38:46-8912,runattr,,,network,RGG,,
General-15-20250723-17:38:46-8912,runattr,,,processid,8912,,
General-15-20250723-17:38:46-8912,runattr,,,repetition,15,,
General-15-20250723-17:38:46-8912,runattr,,,replication,#15,,
General-15-20250723-17:38:46-8912,runattr,,,resultdir,results,,
General-15-20250723-17:38:46-8912,runattr,,,runnumber,15,,
General-15-20250723-17:38:46-8912,runattr,,,seedset,15,,
General-15-20250723-17:38:46-8912,config,,,network,RGG,,
General-15-20250723-17:38:46-8912,config,,,seed-set,15,,
General-15-20250723-17:38:46-8912,config,,,num-rngs,1,,
General-15-20250723-17:38:46-8912,config,,,sim-time-limit,10s,,
General-15-20250723-17:38:46-8912,config,,,repeat,50,,
General-18-20250723-17:38:46-8950,runattr,,,configname,General,,
General-18-20250723-17:38:46-8950,runattr,,,datetime,20250723-17:38:46,,
General-18-20250723-17:38:46-8950,runattr,,,datetimef,20250723-173846,,
General-18-20250723-17:38:46-8950,runattr,,,experiment,General,,
General-18-20250723-17:38:46-8950,runattr,,,inifile,omnetpp.ini,,
General-18-20250723-17:38:46-8950,runattr,,,iterationvars,,,
General-18-20250723-17:38:46-8950,runattr,,,iterationvarsd,,,
General-18-20250723-17:38:46-8950,runattr,,,iterationvarsf,,,
General-18-20250723-17:38:46-8950,runattr,,,measurement,,,
General-18-20250723-17:38:46-8950,runattr,,,network,RGG,,
General-18-20250723-17:38:46-8950,runattr,,,processid,8950,,
General-18-20250723-17:38:46-8950,runattr,,,repetition,18,,
General-18-20250723-17:38:46-8950,runattr,,,replication,#18,,
General-18-20250723-17:38:46-8950,runattr,,,resultdir,results,,
General-18-20250723-17:38:46-8950,runattr,,,runnumber,18,,
General-18-20250723-17:38:46-8950,runattr,,,seedset,18,,
General-18-20250723-17:38:46-8950,config,,,network,RGG,,
General-18-20250723-17:38:46-8950,config,,,seed-set,18,,
General-18-20250723-17:38:46-8950,config,,,num-rngs,1,,
General-18-20250723-17:38:46-8950,config,,,sim-time-limit,10s,,
General-18-20250723-17:38:46-8950,config,,,repeat,50,,
General-21-20250723-17:38:46-8952,runattr,,,configname,General,,
General-21-20250723-17:38:46-8952,runattr,,,datetime,20250723-17:38:46,,
General-21-20250723-17:38:46-8952,runattr,,,datetimef,20250723-173846,,
General-21-20250723-17:38:46-8952,runattr,,,experiment,General,,
General-21-20250723-17:38:46-8952,runattr,,,inifile,omnetpp.ini,,
General-21-20250723-17:38:46-8952,runattr,,,iterationvars,,,
General-21-20250723-17:38:46-8952,runattr,,,iterationvarsd,,,
General-21-20250723-17:38:46-8952,runattr,,,iterationvarsf,,,
General-21-20250723-17:38:46-8952,runattr,,,measurement,,,
General-21-20250723-17:38:46-8952,runattr,,,network,RGG,,
General-21-20250723-17:38:46-8952,runattr,,,processid,8952,,
General-21-20250723-17:38:46-8952,runattr,,,repetition,21,,
General-21-20250723-17:38:46-8952,runattr,,,replication,#21,,
General-21-20250723-17:38:46-8952,runattr,,,resultdir,results,,
General-21-20250723-17:38:46-8952,runattr,,,runnumber,21,,
General-21-20250723-17:38:46-8952,runattr,,,seedset,21,,
General-21-20250723-17:38:46-8952,config,,,network,RGG,,
General-21-20250723-17:38:46-8952,config,,,seed-set,21,,
General-21-20250723-17:38:46-8952,config,,,num-rngs,1,,
General-21-20250723-17:38:46-8952,config,,,sim-time-limit,10s,,
General-21-20250723-17:38:46-8952,config,,,repeat,50,,
General-24-20250723-17:38:46-8951,runattr,,,configname,General,,
General-24-20250723-17:38:46-8951,runattr,,,datetime,20250723-17:38:46,,
General-24-20250723-17:38:46-8951,runattr,,,datetimef,20250723-173846,,
General-24-20250723-17:38:46-8951,runattr,,,experiment,General,,
General-24-20250723-17:38:46-8951,runattr,,,inifile,omnetpp.ini,,
General-24-20250723-17:38:46-8951,runattr,,,iterationvars,,,
General-24-20250723-17:38:46-8951,runattr,,,iterationvarsd,,,
General-24-20250723-17:38:46-8951,runattr,,,iterationvarsf,,,
General-24-20250723-17:38:46-8951,runattr,,,measurement,,,
General-24-20250723-17:38:46-8951,runattr,,,network,RGG,,
General-24-20250723-17:38:46-8951,runattr,,,processid,8951,,
General-24-20250723-17:38:46-8951,runattr,,,repetition,24,,
General-24-20250723-17:38:46-8951,runattr,,,replication,#24,,
General-24-20250723-17:38:46-8951,runattr,,,resultdir,results,,
General-24-20250723-17:38:46-8951,runattr,,,runnumber,24,,
General-24-20250723-17:38:46-8951,runattr,,,seedset,24,,
General-24-20250723-17:38:46-8951,config,,,network,RGG,,
General-24-20250723-17:38:46-8951,config,,,seed-set,24,,
General-24-20250723-17:38:46-8951,config,,,num-rngs,1,,
General-24-20250723-17:38:46-8951,config,,,sim-time-limit,10s,,
General-24-20250723-17:38:46-8951,config,,,repeat,50,,
General-27-20250723-17:38:46-8954,runattr,,,configname,General,,
General-27-20250723-17:38:46-8954,runattr,,,datetime,20250723-17:38:46,,
General-27-20250723-17:38:46-8954,runattr,,,datetimef,20250723-173846,,
General-27-20250723-17:38:46-8954,runattr,,,experiment,General,,
General-27-20250723-17:38:46-8954,runattr,,,inifile,omnetpp.ini,,
General-27-20250723-17:38:46-8954,runattr,,,iterationvars,,,
General-27-20250723-17:38:46-8954,runattr,,,iterationvarsd,,,
General-27-20250723-17:38:46-8954,runattr,,,iterationvarsf,,,
General-27-20250723-17:38:46-8954,runattr,,,measurement,,,
General-27-20250723-17:38:46-8954,runattr,,,network,RGG,,
General-27-20250723-17:38:46-8954,runattr,,,processid,8954,,
General-27-20250723-17:38:46-8954,runattr,,,repetition,27,,
General-27-20250723-17:38:46-8954,runattr,,,replication,#27,,
General-27-20250723-17:38:46-8954,runattr,,,resultdir,results,,
General-27-20250723-17:38:46-8954,runattr,,,runnumber,27,,
General-27-20250723-17:38:46-8954,runattr,,,seedset,27,,
General-27-20250723-17:38:46-8954,config,,,network,RGG,,
General-27-20250723-17:38:46-8954,config,,,seed-set,27,,
General-27-20250723-17:38:46-8954,config,,,num-rngs,1,,
General-27-20250723-17:38:46-8954,config,,,sim-time-limit,10s,,
General-27-20250723-17:38:46-8954,config,,,repeat,50,,
General-30-20250723-17:38:46-8957,runattr,,,configname,General,,
General-30-20250723-17:38:46-8957,runattr,,,datetime,20250723-17:38:46,,
General-30-20250723-17:38:46-8957,runattr,,,datetimef,20250723-173846,,
General-30-20250723-17:38:46-8957,runattr,,,experiment,General,,
General-30-20250723-17:38:46-8957,runattr,,,inifile,omnetpp.ini,,
General-30-20250723-17:38:46-8957,runattr,,,iterationvars,,,
General-30-20250723-17:38:46-8957,runattr,,,iterationvarsd,,,
General-30-20250723-17:38:46-8957,runattr,,,iterationvarsf,,,
General-30-20250723-17:38:46-8957,runattr,,,measurement,,,
General-30-20250723-17:38:46-8957,runattr,,,network,RGG,,
General-30-20250723-17:38:46-8957,runattr,,,processid,8957,,
General-30-20250723-17:38:46-8957,runattr,,,repetition,30,,
General-30-20250723-17:38:46-8957,runattr,,,replication,#30,,
General-30-20250723-17:38:46-8957,runattr,,,resultdir,results,,
General-30-20250723-17:38:46-8957,runattr,,,runnumber,30,,
General-30-20250723-17:38:46-8957,runattr,,,seedset,30,,
General-30-20250723-17:38:46-8957,config,,,network,RGG,,
General-30-20250723-17:38:46-8957,config,,,seed-set,30,,
General-30-20250723-17:38:46-8957,config,,,num-rngs,1,,
General-30-20250723-17:38:46-8957,config,,,sim-time-limit,10s,,
General-30-20250723-17:38:46-8957,config,,,repeat,50,,
General-33-20250723-17:38:46-8959,runattr,,,configname,General,,
General-33-20250723-17:38:46-8959,runattr,,,datetime,20250723-17:38:46,,
General-33-20250723-17:38:46-8959,runattr,,,datetimef,20250723-173846,,
General-33-20250723-17:38:46-8959,runattr,,,experiment,General,,
General-33-20250723-17:38:46-8959,runattr,,,inifile,omnetpp.ini,,
General-33-20250723-17:38:46-8959,runattr,,,iterationvars,,,
General-33-20250723-17:38:46-8959,runattr,,,iterationvarsd,,,
General-33-20250723-17:38:46-8959,runattr,,,iterationvarsf,,,
General-33-20250723-17:38:46-8959,runattr,,,measurement,,,
General-33-20250723-17:38:46-8959,runattr,,,network,RGG,,
General-33-20250723-17:38:46-8959,runattr,,,processid,8959,,
General-33-20250723-17:38:46-8959,runattr,,,repetition,33,,
General-33-20250723-17:38:46-8959,runattr,,,replication,#33,,
General-33-20250723-17:38:46-8959,runattr,,,resultdir,results,,
General-33-20250723-17:38:46-8959,runattr,,,runnumber,33,,
General-33-20250723-17:38:46-8959,runattr,,,seedset,33,,
General-33-20250723-17:38:46-8959,config,,,network,RGG,,
General-33-20250723-17:38:46-8959,config,,,seed-set,33,,
General-33-20250723-17:38:46-8959,config,,,num-rngs,1,,
General-33-20250723-17:38:46-8959,config,,,sim-time-limit,10s,,
General-33-20250723-17:38:46-8959,config,,,repeat,50,,
General-37-20250723-17:38:47-8980,runattr,,,configname,General,,
General-37-20250723-17:38:47-8980,runattr,,,datetime,20250723-17:38:47,,
General-37-20250723-17:38:47-8980,runattr,,,datetimef,20250723-173847,,
General-37-20250723-17:38:47-8980,runattr,,,experiment,General,,
General-37-20250723-17:38:47-8980,runattr,,,inifile,omnetpp.ini,,
General-37-20250723-17:38:47-8980,runattr,,,iterationvars,,,
General-37-20250723-17:38:47-8980,runattr,,,iterationvarsd,,,
General-37-20250723-17:38:47-8980,runattr,,,iterationvarsf,,,
General-37-20250723-17:38:47-8980,runattr,,,measurement,,,
General-37-20250723-17:38:47-8980,runattr,,,network,RGG,,
General-37-20250723-17:38:47-8980,runattr,,,processid,8980,,
General-37-20250723-17:38:47-8980,runattr,,,repetition,37,,
General-37-20250723-17:38:47-8980,runattr,,,replication,#37,,
General-37-20250723-17:38:47-8980,runattr,,,resultdir,results,,
General-37-20250723-17:38:47-8980,runattr,,,runnumber,37,,
General-37-20250723-17:38:47-8980,runattr,,,seedset,37,,
General-37-20250723-17:38:47-8980,config,,,network,RGG,,
General-37-20250723-17:38:47-8980,config,,,seed-set,37,,
General-37-20250723-17:38:47-8980,config,,,num-rngs,1,,
General-37-20250723-17:38:47-8980,config,,,sim-time-limit,10s,,
General-37-20250723-17:38:47-8980,config,,,repeat,50,,
General-36-20250723-17:38:47-8980,runattr,,,configname,General,,
General-36-20250723-17:38:47-8980,runattr,,,datetime,20250723-17:38:47,,
General-36-20250723-17:38:47-8980,runattr,,,datetimef,20250723-173847,,
General-36-20250723-17:38:47-8980,runattr,,,experiment,General,,
General-36-20250723-17:38:47-8980,runattr,,,inifile,omnetpp.ini,,
General-36-20250723-17:38:47-8980,runattr,,,iterationvars,,,
General-36-20250723-17:38:47-8980,runattr,,,iterationvarsd,,,
General-36-20250723-17:38:47-8980,runattr,,,iterationvarsf,,,
General-36-20250723-17:38:47-8980,runattr,,,measurement,,,
General-36-20250723-17:38:47-8980,runattr,,,network,RGG,,
General-36-20250723-17:38:47-8980,runattr,,,processid,8980,,
General-36-20250723-17:38:47-8980,runattr,,,repetition,36,,
General-36-20250723-17:38:47-8980,runattr,,,replication,#36,,
General-36-20250723-17:38:47-8980,runattr,,,resultdir,results,,
General-36-20250723-17:38:47-8980,runattr,,,runnumber,36,,
General-36-20250723-17:38:47-8980,runattr,,,seedset,36,,
General-36-20250723-17:38:47-8980,config,,,network,RGG,,
General-36-20250723-17:38:47-8980,config,,,seed-set,36,,
General-36-20250723-17:38:47-8980,config,,,num-rngs,1,,
General-36-20250723-17:38:47-8980,config,,,sim-time-limit,10s,,
General-36-20250723-17:38:47-8980,config,,,repeat,50,,
General-38-20250723-17:38:47-8980,runattr,,,configname,General,,
General-38-20250723-17:38:47-8980,runattr,,,datetime,20250723-17:38:47,,
General-38-20250723-17:38:47-8980,runattr,,,datetimef,20250723-173847,,
General-38-20250723-17:38:47-8980,runattr,,,experiment,General,,
General-38-20250723-17:38:47-8980,runattr,,,inifile,omnetpp.ini,,
General-38-20250723-17:38:47-8980,runattr,,,iterationvars,,,
General-38-20250723-17:38:47-8980,runattr,,,iterationvarsd,,,
General-38-20250723-17:38:47-8980,runattr,,,iterationvarsf,,,
General-38-20250723-17:38:47-8980,runattr,,,measurement,,,
General-38-20250723-17:38:47-8980,runattr,,,network,RGG,,
General-38-20250723-17:38:47-8980,runattr,,,processid,8980,,
General-38-20250723-17:38:47-8980,runattr,,,repetition,38,,
General-38-20250723-17:38:47-8980,runattr,,,replication,#38,,
General-38-20250723-17:38:47-8980,runattr,,,resultdir,results,,
General-38-20250723-17:38:47-8980,runattr,,,runnumber,38,,
General-38-20250723-17:38:47-8980,runattr,,,seedset,38,,
General-38-20250723-17:38:47-8980,config,,,network,RGG,,
General-38-20250723-17:38:47-8980,config,,,seed-set,38,,
General-38-20250723-17:38:47-8980,config,,,num-rngs,1,,
General-38-20250723-17:38:47-8980,config,,,sim-time-limit,10s,,
General-38-20250723-17:38:47-8980,config,,,repeat,50,,
General-39-20250723-17:38:47-8981,runattr,,,configname,General,,
General-39-20250723-17:38:47-8981,runattr,,,datetime,20250723-17:38:47,,
General-39-20250723-17:38:47-8981,runattr,,,datetimef,20250723-173847,,
General-39-20250723-17:38:47-8981,runattr,,,experiment,General,,
General-39-20250723-17:38:47-8981,runattr,,,inifile,omnetpp.ini,,
General-39-20250723-17:38:47-8981,runattr,,,iterationvars,,,
General-39-20250723-17:38:47-8981,runattr,,,iterationvarsd,,,
General-39-20250723-17:38:47-8981,runattr,,,iterationvarsf,,,
General-39-20250723-17:38:47-8981,runattr,,,measurement,,,
General-39-20250723-17:38:47-8981,runattr,,,network,RGG,,
General-39-20250723-17:38:47-8981,runattr,,,processid,8981,,
General-39-20250723-17:38:47-8981,runattr,,,repetition,39,,
General-39-20250723-17:38:47-8981,runattr,,,replication,#39,,
General-39-20250723-17:38:47-8981,runattr,,,resultdir,results,,
General-39-20250723-17:38:47-8981,runattr,,,runnumber,39,,
General-39-20250723-17:38:47-8981,runattr,,,seedset,39,,
General-39-20250723-17:38:47-8981,config,,,network,RGG,,
General-39-20250723-17:38:47-8981,config,,,seed-set,39,,
General-39-20250723-17:38:47-8981,config,,,num-rngs,1,,
General-39-20250723-17:38:47-8981,config,,,sim-time-limit,10s,,
General-39-20250723-17:38:47-8981,config,,,repeat,50,,
General-3-20250723-17:38:46-8916,runattr,,,configname,General,,
General-3-20250723-17:38:46-8916,runattr,,,datetime,20250723-17:38:46,,
General-3-20250723-17:38:46-8916,runattr,,,datetimef,20250723-173846,,
General-3-20250723-17:38:46-8916,runattr,,,experiment,General,,
General-3-20250723-17:38:46-8916,runattr,,,inifile,omnetpp.ini,,
General-3-20250723-17:38:46-8916,runattr,,,iterationvars,,,
General-3-20250723-17:38:46-8916,runattr,,,iterationvarsd,,,
General-3-20250723-17:38:46-8916,runattr,,,iterationvarsf,,,
General-3-20250723-17:38:46-8916,runattr,,,measurement,,,
General-3-20250723-17:38:46-8916,runattr,,,network,RGG,,
General-3-20250723-17:38:46-8916,runattr,,,processid,8916,,
General-3-20250723-17:38:46-8916,runattr,,,repetition,3,,
General-3-20250723-17:38:46-8916,runattr,,,replication,#3,,
General-3-20250723-17:38:46-8916,runattr,,,resultdir,results,,
General-3-20250723-17:38:46-8916,runattr,,,runnumber,3,,
General-3-20250723-17:38:46-8916,runattr,,,seedset,3,,
General-3-20250723-17:38:46-8916,config,,,network,RGG,,
General-3-20250723-17:38:46-8916,config,,,seed-set,3,,
General-3-20250723-17:38:46-8916,config,,,num-rngs,1,,
General-3-20250723-17:38:46-8916,config,,,sim-time-limit,10s,,
General-3-20250723-17:38:46-8916,config,,,repeat,50,,
General-42-20250723-17:38:47-8983,runattr,,,configname,General,,
General-42-20250723-17:38:47-8983,runattr,,,datetime,20250723-17:38:47,,
General-42-20250723-17:38:47-8983,runattr,,,datetimef,20250723-173847,,
General-42-20250723-17:38:47-8983,runattr,,,experiment,General,,
General-42-20250723-17:38:47-8983,runattr,,,inifile,omnetpp.ini,,
General-42-20250723-17:38:47-8983,runattr,,,iterationvars,,,
General-42-20250723-17:38:47-8983,runattr,,,iterationvarsd,,,
General-42-20250723-17:38:47-8983,runattr,,,iterationvarsf,,,
General-42-20250723-17:38:47-8983,runattr,,,measurement,,,
General-42-20250723-17:38:47-8983,runattr,,,network,RGG,,
General-42-20250723-17:38:47-8983,runattr,,,processid,8983,,
General-42-20250723-17:38:47-8983,runattr,,,repetition,42,,
General-42-20250723-17:38:47-8983,runattr,,,replication,#42,,
General-42-20250723-17:38:47-8983,runattr,,,resultdir,results,,
General-42-20250723-17:38:47-8983,runattr,,,runnumber,42,,
General-42-20250723-17:38:47-8983,runattr,,,seedset,42,,
General-42-20250723-17:38:47-8983,config,,,network,RGG,,
General-42-20250723-17:38:47-8983,config,,,seed-set,42,,
General-42-20250723-17:38:47-8983,config,,,num-rngs,1,,
General-42-20250723-17:38:47-8983,config,,,sim-time-limit,10s,,
General-42-20250723-17:38:47-8983,config,,,repeat,50,,
General-45-20250723-17:38:47-8984,runattr,,,configname,General,,
General-45-20250723-17:38:47-8984,runattr,,,datetime,20250723-17:38:47,,
General-45-20250723-17:38:47-8984,runattr,,,datetimef,20250723-173847,,
General-45-20250723-17:38:47-8984,runattr,,,experiment,General,,
General-45-20250723-17:38:47-8984,runattr,,,inifile,omnetpp.ini,,
General-45-20250723-17:38:47-8984,runattr,,,iterationvars,,,
General-45-20250723-17:38:47-8984,runattr,,,iterationvarsd,,,
General-45-20250723-17:38:47-8984,runattr,,,iterationvarsf,,,
General-45-20250723-17:38:47-8984,runattr,,,measurement,,,
General-45-20250723-17:38:47-8984,runattr,,,network,RGG,,
General-45-20250723-17:38:47-8984,runattr,,,processid,8984,,
General-45-20250723-17:38:47-8984,runattr,,,repetition,45,,
General-45-20250723-17:38:47-8984,runattr,,,replication,#45,,
General-45-20250723-17:38:47-8984,runattr,,,resultdir,results,,
General-45-20250723-17:38:47-8984,runattr,,,runnumber,45,,
General-45-20250723-17:38:47-8984,runattr,,,seedset,45,,
General-45-20250723-17:38:47-8984,config,,,network,RGG,,
General-45-20250723-17:38:47-8984,config,,,seed-set,45,,
General-45-20250723-17:38:47-8984,config,,,num-rngs,1,,
General-45-20250723-17:38:47-8984,config,,,sim-time-limit,10s,,
General-45-20250723-17:38:47-8984,config,,,repeat,50,,
General-48-20250723-17:38:47-8992,runattr,,,configname,General,,
General-48-20250723-17:38:47-8992,runattr,,,datetime,20250723-17:38:47,,
General-48-20250723-17:38:47-8992,runattr,,,datetimef,20250723-173847,,
General-48-20250723-17:38:47-8992,runattr,,,experiment,General,,
General-48-20250723-17:38:47-8992,runattr,,,inifile,omnetpp.ini,,
General-48-20250723-17:38:47-8992,runattr,,,iterationvars,,,
General-48-20250723-17:38:47-8992,runattr,,,iterationvarsd,,,
General-48-20250723-17:38:47-8992,runattr,,,iterationvarsf,,,
General-48-20250723-17:38:47-8992,runattr,,,measurement,,,
General-48-20250723-17:38:47-8992,runattr,,,network,RGG,,
General-48-20250723-17:38:47-8992,runattr,,,processid,8992,,
General-48-20250723-17:38:47-8992,runattr,,,repetition,48,,
General-48-20250723-17:38:47-8992,runattr,,,replication,#48,,
General-48-20250723-17:38:47-8992,runattr,,,resultdir,results,,
General-48-20250723-17:38:47-8992,runattr,,,runnumber,48,,
General-48-20250723-17:38:47-8992,runattr,,,seedset,48,,
General-48-20250723-17:38:47-8992,config,,,network,RGG,,
General-48-20250723-17:38:47-8992,config,,,seed-set,48,,
General-48-20250723-17:38:47-8992,config,,,num-rngs,1,,
General-48-20250723-17:38:47-8992,config,,,sim-time-limit,10s,,
General-48-20250723-17:38:47-8992,config,,,repeat,50,,
General-9-20250723-17:38:46-8915,runattr,,,configname,General,,
General-9-20250723-17:38:46-8915,runattr,,,datetime,20250723-17:38:46,,
General-9-20250723-17:38:46-8915,runattr,,,datetimef,20250723-173846,,
General-9-20250723-17:38:46-8915,runattr,,,experiment,General,,
General-9-20250723-17:38:46-8915,runattr,,,inifile,omnetpp.ini,,
General-9-20250723-17:38:46-8915,runattr,,,iterationvars,,,
General-9-20250723-17:38:46-8915,runattr,,,iterationvarsd,,,
General-9-20250723-17:38:46-8915,runattr,,,iterationvarsf,,,
General-9-20250723-17:38:46-8915,runattr,,,measurement,,,
General-9-20250723-17:38:46-8915,runattr,,,network,RGG,,
General-9-20250723-17:38:46-8915,runattr,,,processid,8915,,
General-9-20250723-17:38:46-8915,runattr,,,repetition,9,,
General-9-20250723-17:38:46-8915,runattr,,,replication,#9,,
General-9-20250723-17:38:46-8915,runattr,,,resultdir,results,,
General-9-20250723-17:38:46-8915,runattr,,,runnumber,9,,
General-9-20250723-17:38:46-8915,runattr,,,seedset,9,,
General-9-20250723-17:38:46-8915,config,,,network,RGG,,
General-9-20250723-17:38:46-8915,config,,,seed-set,9,,
General-9-20250723-17:38:46-8915,config,,,num-rngs,1,,
General-9-20250723-17:38:46-8915,config,,,sim-time-limit,10s,,
General-9-20250723-17:38:46-8915,config,,,repeat,50,,
General-6-20250723-17:38:46-8914,runattr,,,configname,General,,
General-6-20250723-17:38:46-8914,runattr,,,datetime,20250723-17:38:46,,
General-6-20250723-17:38:46-8914,runattr,,,datetimef,20250723-173846,,
General-6-20250723-17:38:46-8914,runattr,,,experiment,General,,
General-6-20250723-17:38:46-8914,runattr,,,inifile,omnetpp.ini,,
General-6-20250723-17:38:46-8914,runattr,,,iterationvars,,,
General-6-20250723-17:38:46-8914,runattr,,,iterationvarsd,,,
General-6-20250723-17:38:46-8914,runattr,,,iterationvarsf,,,
General-6-20250723-17:38:46-8914,runattr,,,measurement,,,
General-6-20250723-17:38:46-8914,runattr,,,network,RGG,,
General-6-20250723-17:38:46-8914,runattr,,,processid,8914,,
General-6-20250723-17:38:46-8914,runattr,,,repetition,6,,
General-6-20250723-17:38:46-8914,runattr,,,replication,#6,,
General-6-20250723-17:38:46-8914,runattr,,,resultdir,results,,
General-6-20250723-17:38:46-8914,runattr,,,runnumber,6,,
General-6-20250723-17:38:46-8914,runattr,,,seedset,6,,
General-6-20250723-17:38:46-8914,config,,,network,RGG,,
General-6-20250723-17:38:46-8914,config,,,seed-set,6,,
General-6-20250723-17:38:46-8914,config,,,num-rngs,1,,
General-6-20250723-17:38:46-8914,config,,,sim-time-limit,10s,,
General-6-20250723-17:38:46-8914,config,,,repeat,50,,
General-12-20250723-17:38:46-8913,runattr,,,configname,General,,
General-12-20250723-17:38:46-8913,runattr,,,datetime,20250723-17:38:46,,
General-12-20250723-17:38:46-8913,runattr,,,datetimef,20250723-173846,,
General-12-20250723-17:38:46-8913,runattr,,,experiment,General,,
General-12-20250723-17:38:46-8913,runattr,,,inifile,omnetpp.ini,,
General-12-20250723-17:38:46-8913,runattr,,,iterationvars,,,
General-12-20250723-17:38:46-8913,runattr,,,iterationvarsd,,,
General-12-20250723-17:38:46-8913,runattr,,,iterationvarsf,,,
General-12-20250723-17:38:46-8913,runattr,,,measurement,,,
General-12-20250723-17:38:46-8913,runattr,,,network,RGG,,
General-12-20250723-17:38:46-8913,runattr,,,processid,8913,,
General-12-20250723-17:38:46-8913,runattr,,,repetition,12,,
General-12-20250723-17:38:46-8913,runattr,,,replication,#12,,
General-12-20250723-17:38:46-8913,runattr,,,resultdir,results,,
General-12-20250723-17:38:46-8913,runattr,,,runnumber,12,,
General-12-20250723-17:38:46-8913,runattr,,,seedset,12,,
General-12-20250723-17:38:46-8913,config,,,network,RGG,,
General-12-20250723-17:38:46-8913,config,,,seed-set,12,,
General-12-20250723-17:38:46-8913,config,,,num-rngs,1,,
General-12-20250723-17:38:46-8913,config,,,sim-time-limit,10s,,
General-12-20250723-17:38:46-8913,config,,,repeat,50,,
General-0-20250723-17:38:46-8911,runattr,,,configname,General,,
General-0-20250723-17:38:46-8911,runattr,,,datetime,20250723-17:38:46,,
General-0-20250723-17:38:46-8911,runattr,,,datetimef,20250723-173846,,
General-0-20250723-17:38:46-8911,runattr,,,experiment,General,,
General-0-20250723-17:38:46-8911,runattr,,,inifile,omnetpp.ini,,
General-0-20250723-17:38:46-8911,runattr,,,iterationvars,,,
General-0-20250723-17:38:46-8911,runattr,,,iterationvarsd,,,
General-0-20250723-17:38:46-8911,runattr,,,iterationvarsf,,,
General-0-20250723-17:38:46-8911,runattr,,,measurement,,,
General-0-20250723-17:38:46-8911,runattr,,,network,RGG,,
General-0-20250723-17:38:46-8911,runattr,,,processid,8911,,
General-0-20250723-17:38:46-8911,runattr,,,repetition,0,,
General-0-20250723-17:38:46-8911,runattr,,,replication,#0,,
General-0-20250723-17:38:46-8911,runattr,,,resultdir,results,,
General-0-20250723-17:38:46-8911,runattr,,,runnumber,0,,
General-0-20250723-17:38:46-8911,runattr,,,seedset,0,,
General-0-20250723-17:38:46-8911,config,,,network,RGG,,
General-0-20250723-17:38:46-8911,config,,,seed-set,0,,
General-0-20250723-17:38:46-8911,config,,,num-rngs,1,,
General-0-20250723-17:38:46-8911,config,,,sim-time-limit,10s,,
General-0-20250723-17:38:46-8911,config,,,repeat,50,,
General-0-20250723-17:38:46-8911,vector,RGG.node[16],visitedPerTimestep,,,"0","1"
General-0-20250723-17:38:46-8911,vector,RGG.node[22],visitedPerTimestep,,,"0","2"
General-0-20250723-17:38:46-8911,vector,RGG.node[0],visitedPerTimestep,,,"0","3"
General-0-20250723-17:38:46-8911,vector,RGG.node[4],visitedPerTimestep,,,"0 0","4 9"
General-0-20250723-17:38:46-8911,vector,RGG.node[3],visitedPerTimestep,,,"0","5"
General-0-20250723-17:38:46-8911,vector,RGG.node[20],visitedPerTimestep,,,"0 0","8 20"
General-0-20250723-17:38:46-8911,vector,RGG.node[13],visitedPerTimestep,,,"0 0","12 24"
General-0-20250723-17:38:46-8911,vector,RGG.node[7],visitedPerTimestep,,,"0","14"
General-0-20250723-17:38:46-8911,vector,RGG.node[18],visitedPerTimestep,,,"0","16"
General-0-20250723-17:38:46-8911,vector,RGG.node[5],visitedPerTimestep,,,"0","20"
General-0-20250723-17:38:46-8911,vector,RGG.node[24],visitedPerTimestep,,,"0","21"
General-0-20250723-17:38:46-8911,vector,RGG.node[21],visitedPerTimestep,,,"0 0","23 24"
General-0-20250723-17:38:46-8911,vector,RGG.node[10],visitedPerTimestep,,,"0","23"
General-0-20250723-17:38:46-8911,vector,RGG.node[8],visitedPerTimestep,,,"0","25"
General-12-20250723-17:38:46-8913,vector,RGG.node[6],visitedPerTimestep,,,"0","1"
General-12-20250723-17:38:46-8913,vector,RGG.node[18],visitedPerTimestep,,,"0","2"
General-12-20250723-17:38:46-8913,vector,RGG.node[2],visitedPerTimestep,,,"0","3"
General-12-20250723-17:38:46-8913,vector,RGG.node[4],visitedPerTimestep,,,"0","4"
General-12-20250723-17:38:46-8913,vector,RGG.node[3],visitedPerTimestep,,,"0 0","5 25"
General-12-20250723-17:38:46-8913,vector,RGG.node[23],visitedPerTimestep,,,"0","8"
General-12-20250723-17:38:46-8913,vector,RGG.node[5],visitedPerTimestep,,,"0","10"
General-12-20250723-17:38:46-8913,vector,RGG.node[12],visitedPerTimestep,,,"0 0","11 24"
General-12-20250723-17:38:46-8913,vector,RGG.node[0],visitedPerTimestep,,,"0","13"
General-12-20250723-17:38:46-8913,vector,RGG.node[13],visitedPerTimestep,,,"0","14"
General-12-20250723-17:38:46-8913,vector,RGG.node[19],visitedPerTimestep,,,"0","17"
General-12-20250723-17:38:46-8913,vector,RGG.node[16],visitedPerTimestep,,,"0","21"
General-12-20250723-17:38:46-8913,vector,RGG.node[1],visitedPerTimestep,,,"0","22"
General-15-20250723-17:38:46-8912,vector,RGG.node[22],visitedPerTimestep,,,"0 0","1 6"
General-15-20250723-17:38:46-8912,vector,RGG.node[12],visitedPerTimestep,,,"0","2"
General-15-20250723-17:38:46-8912,vector,RGG.node[5],visitedPerTimestep,,,"0 0","3 12"
General-15-20250723-17:38:46-8912,vector,RGG.node[24],visitedPerTimestep,,,"0","4"
General-15-20250723-17:38:46-8912,vector,RGG.node[0],visitedPerTimestep,,,"0 0","5 10"
General-15-20250723-17:38:46-8912,vector,RGG.node[17],visitedPerTimestep,,,"0","9"
General-15-20250723-17:38:46-8912,vector,RGG.node[6],visitedPerTimestep,,,"0","15"
General-15-20250723-17:38:46-8912,vector,RGG.node[1],visitedPerTimestep,,,"0 0","20 24"
General-15-20250723-17:38:46-8912,vector,RGG.node[7],visitedPerTimestep,,,"0","21"
General-15-20250723-17:38:46-8912,vector,RGG.node[8],visitedPerTimestep,,,"0","23"
General-15-20250723-17:38:46-8912,vector,RGG.node[20],visitedPerTimestep,,,"0","24"
General-15-20250723-17:38:46-8912,vector,RGG.node[9],visitedPerTimestep,,,"0","25"
General-18-20250723-17:38:46-8950,vector,RGG.node[20],visitedPerTimestep,,,"0","1"
General-18-20250723-17:38:46-8950,vector,RGG.node[5],visitedPerTimestep,,,"0 0","2 24"
General-18-20250723-17:38:46-8950,vector,RGG.node[18],visitedPerTimestep,,,"0","3"
General-18-20250723-17:38:46-8950,vector,RGG.node[14],visitedPerTimestep,,,"0 0","4 18"
General-18-20250723-17:38:46-8950,vector,RGG.node[19],visitedPerTimestep,,,"0 0","5 25"
General-18-20250723-17:38:46-8950,vector,RGG.node[3],visitedPerTimestep,,,"0 0","8 21"
General-18-20250723-17:38:46-8950,vector,RGG.node[22],visitedPerTimestep,,,"0","9"
General-18-20250723-17:38:46-8950,vector,RGG.node[10],visitedPerTimestep,,,"0 0","12 23"
General-18-20250723-17:38:46-8950,vector,RGG.node[12],visitedPerTimestep,,,"0","14"
General-18-20250723-17:38:46-8950,vector,RGG.node[4],visitedPerTimestep,,,"0 0","16 22"
General-18-20250723-17:38:46-8950,vector,RGG.node[8],visitedPerTimestep,,,"0","24"
General-21-20250723-17:38:46-8952,vector,RGG.node[16],visitedPerTimestep,,,"0 0","1 3"
General-21-20250723-17:38:46-8952,vector,RGG.node[4],visitedPerTimestep,,,"0","2"
General-21-20250723-17:38:46-8952,vector,RGG.node[17],visitedPerTimestep,,,"0 0","3 12"
General-21-20250723-17:38:46-8952,vector,RGG.node[3],visitedPerTimestep,,,"0","4"
General-21-20250723-17:38:46-8952,vector,RGG.node[11],visitedPerTimestep,,,"0","7"
General-21-20250723-17:38:46-8952,vector,RGG.node[13],visitedPerTimestep,,,"0 0","10 19"
General-21-20250723-17:38:46-8952,vector,RGG.node[6],visitedPerTimestep,,,"0","14"
General-21-20250723-17:38:46-8952,vector,RGG.node[24],visitedPerTimestep,,,"0","16"
General-21-20250723-17:38:46-8952,vector,RGG.node[12],visitedPerTimestep,,,"0","21"
General-21-20250723-17:38:46-8952,vector,RGG.node[0],visitedPerTimestep,,,"0","23"
General-21-20250723-17:38:46-8952,vector,RGG.node[7],visitedPerTimestep,,,"0","23"
General-21-20250723-17:38:46-8952,vector,RGG.node[9],visitedPerTimestep,,,"0","23"
General-21-20250723-17:38:46-8952,vector,RGG.node[23],visitedPerTimestep,,,"0","25"
General-24-20250723-17:38:46-8951,vector,RGG.node[3],visitedPerTimestep,,,"0 0 0","1 9 21"
General-24-20250723-17:38:46-8951,vector,RGG.node[0],visitedPerTimestep,,,"0","2"
General-24-20250723-17:38:46-8951,vector,RGG.node[24],visitedPerTimestep,,,"0 0","3 14"
General-24-20250723-17:38:46-8951,vector,RGG.node[17],visitedPerTimestep,,,"0","4"
General-24-20250723-17:38:46-8951,vector,RGG.node[18],visitedPerTimestep,,,"0","5"
General-24-20250723-17:38:46-8951,vector,RGG.node[16],visitedPerTimestep,,,"0","8"
General-24-20250723-17:38:46-8951,vector,RGG.node[4],visitedPerTimestep,,,"0","11"
General-24-20250723-17:38:46-8951,vector,RGG.node[8],visitedPerTimestep,,,"0","13"
General-24-20250723-17:38:46-8951,vector,RGG.node[6],visitedPerTimestep,,,"0","17"
General-24-20250723-17:38:46-8951,vector,RGG.node[14],visitedPerTimestep,,,"0","22"
General-24-20250723-17:38:46-8951,vector,RGG.node[2],visitedPerTimestep,,,"0","23"
General-24-20250723-17:38:46-8951,vector,RGG.node[22],visitedPerTimestep,,,"0","24"
General-24-20250723-17:38:46-8951,vector,RGG.node[12],visitedPerTimestep,,,"0","24"
General-24-20250723-17:38:46-8951,vector,RGG.node[13],visitedPerTimestep,,,"0","25"
General-27-20250723-17:38:46-8954,vector,RGG.node[9],visitedPerTimestep,,,"0","1"
General-27-20250723-17:38:46-8954,vector,RGG.node[17],visitedPerTimestep,,,"0","2"
General-27-20250723-17:38:46-8954,vector,RGG.node[5],visitedPerTimestep,,,"0 0","3 24"
General-27-20250723-17:38:46-8954,vector,RGG.node[14],visitedPerTimestep,,,"0","4"
General-27-20250723-17:38:46-8954,vector,RGG.node[18],visitedPerTimestep,,,"0 0","5 10"
General-27-20250723-17:38:46-8954,vector,RGG.node[1],visitedPerTimestep,,,"0","8"
General-27-20250723-17:38:46-8954,vector,RGG.node[20],visitedPerTimestep,,,"0 0","13 17"
General-27-20250723-17:38:46-8954,vector,RGG.node[19],visitedPerTimestep,,,"0 0","15 24"
General-27-20250723-17:38:46-8954,vector,RGG.node[21],visitedPerTimestep,,,"0","23"
General-27-20250723-17:38:46-8954,vector,RGG.node[10],visitedPerTimestep,,,"0","24"
General-27-20250723-17:38:46-8954,vector,RGG.node[24],visitedPerTimestep,,,"0","24"
General-27-20250723-17:38:46-8954,vector,RGG.node[0],visitedPerTimestep,,,"0","24"
General-27-20250723-17:38:46-8954,vector,RGG.node[22],visitedPerTimestep,,,"0","24"
General-27-20250723-17:38:46-8954,vector,RGG.node[16],visitedPerTimestep,,,"0","25"
General-30-20250723-17:38:46-8957,vector,RGG.node[5],visitedPerTimestep,,,"0","1"
General-30-20250723-17:38:46-8957,vector,RGG.node[14],visitedPerTimestep,,,"0 0","2 24"
General-30-20250723-17:38:46-8957,vector,RGG.node[13],visitedPerTimestep,,,"0 0","3 14"
General-30-20250723-17:38:46-8957,vector,RGG.node[21],visitedPerTimestep,,,"0 0","4 7"
General-30-20250723-17:38:46-8957,vector,RGG.node[12],visitedPerTimestep,,,"0","5"
General-30-20250723-17:38:46-8957,vector,RGG.node[3],visitedPerTimestep,,,"0 0","10 25"
General-30-20250723-17:38:46-8957,vector,RGG.node[24],visitedPerTimestep,,,"0 0","12 22"
General-30-20250723-17:38:46-8957,vector,RGG.node[19],visitedPerTimestep,,,"0","16"
General-30-20250723-17:38:46-8957,vector,RGG.node[0],visitedPerTimestep,,,"0","19"
General-30-20250723-17:38:46-8957,vector,RGG.node[18],visitedPerTimestep,,,"0","19"
General-30-20250723-17:38:46-8957,vector,RGG.node[9],visitedPerTimestep,,,"0","21"
General-30-20250723-17:38:46-8957,vector,RGG.node[11],visitedPerTimestep,,,"0","23"
General-33-20250723-17:38:46-8959,vector,RGG.node[8],visitedPerTimestep,,,"0","1"
General-33-20250723-17:38:46-8959,vector,RGG.node[2],visitedPerTimestep,,,"0","2"
General-33-20250723-17:38:46-8959,vector,RGG.node[19],visitedPerTimestep,,,"0 0","3 22"
General-33-20250723-17:38:46-8959,vector,RGG.node[9],visitedPerTimestep,,,"0 0","4 20"
General-33-20250723-17:38:46-8959,vector,RGG.node[3],visitedPerTimestep,,,"0 0 0","5 10 21"
General-33-20250723-17:38:46-8959,vector,RGG.node[15],visitedPerTimestep,,,"0","8"
General-33-20250723-17:38:46-8959,vector,RGG.node[13],visitedPerTimestep,,,"0 0","12 24"
General-33-20250723-17:38:46-8959,vector,RGG.node[11],visitedPerTimestep,,,"0 0","13 24"
General-33-20250723-17:38:46-8959,vector,RGG.node[17],visitedPerTimestep,,,"0 0","15 25"
General-36-20250723-17:38:47-8980,vector,RGG.node[2],visitedPerTimestep,,,"0","1"
General-36-20250723-17:38:47-8980,vector,RGG.node[9],visitedPerTimestep,,,"0 0","2 4"
General-36-20250723-17:38:47-8980,vector,RGG.node[1],visitedPerTimestep,,,"0 0","3 11"
General-36-20250723-17:38:47-8980,vector,RGG.node[13],visitedPerTimestep,,,"0","4"
General-36-20250723-17:38:47-8980,vector,RGG.node[7],visitedPerTimestep,,,"0","7"
General-36-20250723-17:38:47-8980,vector,RGG.node[6],visitedPerTimestep,,,"0","10"
General-36-20250723-17:38:47-8980,vector,RGG.node[21],visitedPerTimestep,,,"0","14"
General-36-20250723-17:38:47-8980,vector,RGG.node[19],visitedPerTimestep,,,"0 0","16 20"
General-36-20250723-17:38:47-8980,vector,RGG.node[3],visitedPerTimestep,,,"0","19"
General-36-20250723-17:38:47-8980,vector,RGG.node[18],visitedPerTimestep,,,"0","21"
General-36-20250723-17:38:47-8980,vector,RGG.node[17],visitedPerTimestep,,,"0","24"
General-36-20250723-17:38:47-8980,vector,RGG.node[14],visitedPerTimestep,,,"0","25"
General-37-20250723-17:38:47-8980,vector,RGG.node[12],visitedPerTimestep,,,"0","25"
General-38-20250723-17:38:47-8980,vector,RGG.node[12],visitedPerTimestep,,,"0","25"
General-39-20250723-17:38:47-8981,vector,RGG.node[10],visitedPerTimestep,,,"0","1"
General-39-20250723-17:38:47-8981,vector,RGG.node[9],visitedPerTimestep,,,"0 0","2 16"
General-39-20250723-17:38:47-8981,vector,RGG.node[0],visitedPerTimestep,,,"0","3"
General-39-20250723-17:38:47-8981,vector,RGG.node[21],visitedPerTimestep,,,"0 0","4 13"
General-39-20250723-17:38:47-8981,vector,RGG.node[6],visitedPerTimestep,,,"0","5"
General-39-20250723-17:38:47-8981,vector,RGG.node[5],visitedPerTimestep,,,"0","8"
General-39-20250723-17:38:47-8981,vector,RGG.node[14],visitedPerTimestep,,,"0 0 0 0","11 12 15 17"
General-39-20250723-17:38:47-8981,vector,RGG.node[18],visitedPerTimestep,,,"0","12"
General-39-20250723-17:38:47-8981,vector,RGG.node[1],visitedPerTimestep,,,"0","19"
General-39-20250723-17:38:47-8981,vector,RGG.node[11],visitedPerTimestep,,,"0","22"
General-39-20250723-17:38:47-8981,vector,RGG.node[16],visitedPerTimestep,,,"0 0","23 25"
General-39-20250723-17:38:47-8981,vector,RGG.node[8],visitedPerTimestep,,,"0","23"
General-3-20250723-17:38:46-8916,vector,RGG.node[3],visitedPerTimestep,,,"0","1"
General-3-20250723-17:38:46-8916,vector,RGG.node[9],visitedPerTimestep,,,"0 0","2 7"
General-3-20250723-17:38:46-8916,vector,RGG.node[0],visitedPerTimestep,,,"0","3"
General-3-20250723-17:38:46-8916,vector,RGG.node[22],visitedPerTimestep,,,"0","4"
General-3-20250723-17:38:46-8916,vector,RGG.node[19],visitedPerTimestep,,,"0","5"
General-3-20250723-17:38:46-8916,vector,RGG.node[24],visitedPerTimestep,,,"0 0","8 23"
General-3-20250723-17:38:46-8916,vector,RGG.node[20],visitedPerTimestep,,,"0","10"
General-3-20250723-17:38:46-8916,vector,RGG.node[14],visitedPerTimestep,,,"0","13"
General-3-20250723-17:38:46-8916,vector,RGG.node[2],visitedPerTimestep,,,"0","16"
General-3-20250723-17:38:46-8916,vector,RGG.node[7],visitedPerTimestep,,,"0","19"
General-3-20250723-17:38:46-8916,vector,RGG.node[15],visitedPerTimestep,,,"0","23"
General-3-20250723-17:38:46-8916,vector,RGG.node[5],visitedPerTimestep,,,"0","23"
General-3-20250723-17:38:46-8916,vector,RGG.node[18],visitedPerTimestep,,,"0","25"
General-42-20250723-17:38:47-8983,vector,RGG.node[20],visitedPerTimestep,,,"0","1"
General-42-20250723-17:38:47-8983,vector,RGG.node[14],visitedPerTimestep,,,"0 0","2 21"
General-42-20250723-17:38:47-8983,vector,RGG.node[10],visitedPerTimestep,,,"0","3"
General-42-20250723-17:38:47-8983,vector,RGG.node[7],visitedPerTimestep,,,"0 0 0","4 11 21"
General-42-20250723-17:38:47-8983,vector,RGG.node[21],visitedPerTimestep,,,"0","5"
General-42-20250723-17:38:47-8983,vector,RGG.node[23],visitedPerTimestep,,,"0","8"
General-42-20250723-17:38:47-8983,vector,RGG.node[24],visitedPerTimestep,,,"0 0","10 14"
General-42-20250723-17:38:47-8983,vector,RGG.node[22],visitedPerTimestep,,,"0","13"
General-42-20250723-17:38:47-8983,vector,RGG.node[17],visitedPerTimestep,,,"0","17"
General-42-20250723-17:38:47-8983,vector,RGG.node[2],visitedPerTimestep,,,"0","19"
General-42-20250723-17:38:47-8983,vector,RGG.node[1],visitedPerTimestep,,,"0","22"
General-42-20250723-17:38:47-8983,vector,RGG.node[12],visitedPerTimestep,,,"0","25"
General-45-20250723-17:38:47-8984,vector,RGG.node[3],visitedPerTimestep,,,"0 0","1 3"
General-45-20250723-17:38:47-8984,vector,RGG.node[0],visitedPerTimestep,,,"0 0","2 23"
General-45-20250723-17:38:47-8984,vector,RGG.node[22],visitedPerTimestep,,,"0","3"
General-45-20250723-17:38:47-8984,vector,RGG.node[5],visitedPerTimestep,,,"0","4"
General-45-20250723-17:38:47-8984,vector,RGG.node[14],visitedPerTimestep,,,"0","7"
General-45-20250723-17:38:47-8984,vector,RGG.node[8],visitedPerTimestep,,,"0","9"
General-45-20250723-17:38:47-8984,vector,RGG.node[9],visitedPerTimestep,,,"0","11"
General-45-20250723-17:38:47-8984,vector,RGG.node[2],visitedPerTimestep,,,"0","14"
General-45-20250723-17:38:47-8984,vector,RGG.node[7],visitedPerTimestep,,,"0","16"
General-45-20250723-17:38:47-8984,vector,RGG.node[18],visitedPerTimestep,,,"0","19"
General-45-20250723-17:38:47-8984,vector,RGG.node[11],visitedPerTimestep,,,"0","21"
General-45-20250723-17:38:47-8984,vector,RGG.node[23],visitedPerTimestep,,,"0","22"
General-45-20250723-17:38:47-8984,vector,RGG.node[16],visitedPerTimestep,,,"0","23"
General-45-20250723-17:38:47-8984,vector,RGG.node[24],visitedPerTimestep,,,"0","25"
General-48-20250723-17:38:47-8992,vector,RGG.node[20],visitedPerTimestep,,,"0 0","1 24"
General-48-20250723-17:38:47-8992,vector,RGG.node[17],visitedPerTimestep,,,"0 0 0 0","2 3 9 16"
General-48-20250723-17:38:47-8992,vector,RGG.node[4],visitedPerTimestep,,,"0 0","3 19"
General-48-20250723-17:38:47-8992,vector,RGG.node[0],visitedPerTimestep,,,"0","4"
General-48-20250723-17:38:47-8992,vector,RGG.node[2],visitedPerTimestep,,,"0","6"
General-48-20250723-17:38:47-8992,vector,RGG.node[7],visitedPerTimestep,,,"0","7"
General-48-20250723-17:38:47-8992,vector,RGG.node[15],visitedPerTimestep,,,"0","10"
General-48-20250723-17:38:47-8992,vector,RGG.node[22],visitedPerTimestep,,,"0","12"
General-48-20250723-17:38:47-8992,vector,RGG.node[23],visitedPerTimestep,,,"0","19"
General-48-20250723-17:38:47-8992,vector,RGG.node[16],visitedPerTimestep,,,"0","21"
General-48-20250723-17:38:47-8992,vector,RGG.node[13],visitedPerTimestep,,,"0","21"
General-48-20250723-17:38:47-8992,vector,RGG.node[6],visitedPerTimestep,,,"0","25"
General-6-20250723-17:38:46-8914,vector,RGG.node[10],visitedPerTimestep,,,"0 0 0","1 3 22"
General-6-20250723-17:38:46-8914,vector,RGG.node[3],visitedPerTimestep,,,"0","2"
General-6-20250723-17:38:46-8914,vector,RGG.node[21],visitedPerTimestep,,,"0","3"
General-6-20250723-17:38:46-8914,vector,RGG.node[14],visitedPerTimestep,,,"0","4"
General-6-20250723-17:38:46-8914,vector,RGG.node[17],visitedPerTimestep,,,"0","6"
General-6-20250723-17:38:46-8914,vector,RGG.node[13],visitedPerTimestep,,,"0 0","9 12"
General-6-20250723-17:38:46-8914,vector,RGG.node[12],visitedPerTimestep,,,"0 0","9 18"
General-6-20250723-17:38:46-8914,vector,RGG.node[1],visitedPerTimestep,,,"0 0","10 24"
General-6-20250723-17:38:46-8914,vector,RGG.node[6],visitedPerTimestep,,,"0","15"
General-6-20250723-17:38:46-8914,vector,RGG.node[9],visitedPerTimestep,,,"0","23"
General-6-20250723-17:38:46-8914,vector,RGG.node[19],visitedPerTimestep,,,"0","23"
General-6-20250723-17:38:46-8914,vector,RGG.node[5],visitedPerTimestep,,,"0","24"
General-6-20250723-17:38:46-8914,vector,RGG.node[8],visitedPerTimestep,,,"0","25"
General-9-20250723-17:38:46-8915,vector,RGG.node[23],visitedPerTimestep,,,"0 0","1 3"
General-9-20250723-17:38:46-8915,vector,RGG.node[22],visitedPerTimestep,,,"0 0","2 6"
General-9-20250723-17:38:46-8915,vector,RGG.node[1],visitedPerTimestep,,,"0 0 0","3 11 17"
General-9-20250723-17:38:46-8915,vector,RGG.node[20],visitedPerTimestep,,,"0 0","4 20"
General-9-20250723-17:38:46-8915,vector,RGG.node[14],visitedPerTimestep,,,"0","8"
General-9-20250723-17:38:46-8915,vector,RGG.node[12],visitedPerTimestep,,,"0","10"
General-9-20250723-17:38:46-8915,vector,RGG.node[6],visitedPerTimestep,,,"0 0","13 23"
General-9-20250723-17:38:46-8915,vector,RGG.node[4],visitedPerTimestep,,,"0","19"
General-9-20250723-17:38:46-8915,vector,RGG.node[19],visitedPerTimestep,,,"0","22"
General-9-20250723-17:38:46-8915,vector,RGG.node[0],visitedPerTimestep,,,"0","25"
